Console,Link,site
Game Boy (GB),https://romsfun.com/roms/game-boy,ROMSFUN.com
Game Boy Color,https://romsfun.com/roms/game-boy-color,ROMSFUN.com
GameCube,https://romsfun.com/roms/gamecube,ROMSFUN.com
GBA,https://romsfun.com/roms/game-boy-advance,ROMSFUN.com
NES,https://romsfun.com/roms/nes,ROMSFUN.com
Nintendo 3DS,https://romsfun.com/roms/nintendo-3ds,ROMSFUN.com
Nintendo 64,https://romsfun.com/roms/nintendo-64,ROMSFUN.com
Nintendo DS,https://romsfun.com/roms/nintendo-ds,ROMSFUN.com
Nintendo Wii,https://romsfun.com/roms/nintendo-wii,ROMSFUN.com
PlayStation (PS),https://romsfun.com/roms/playstation,ROMSFUN.com
PS Vita,https://romsfun.com/roms/ps-vita,ROMSFUN.com
PS2,https://romsfun.com/roms/playstation-2,ROMSFUN.com
PS3,https://romsfun.com/roms/ps3,ROMSFUN.com
PS4,https://romsfun.com/roms/playstation-4,ROMSFUN.com
PSP,https://romsfun.com/roms/playstation-portable,ROMSFUN.com
Sega Dreamcast,https://romsfun.com/roms/dreamcast,ROMSFUN.com
Sega Genesis,https://romsfun.com/roms/sega-genesis,ROMSFUN.com
Sega Saturn,https://romsfun.com/roms/sega-saturn,ROMSFUN.com
SNES,https://romsfun.com/roms/super-nintendo,ROMSFUN.com
Wii U,https://romsfun.com/roms/wii-u,ROMSFUN.com
XBOX,https://romsfun.com/roms/xbox,ROMSFUN.com
Xbox 360,https://romsfun.com/roms/xbox-360,ROMSFUN.com
