console,link,site
Nintendo DS,https://www.romsgames.net/roms/nintendo-ds/,https://www.romsgames.net/
Playstation Portable,https://www.romsgames.net/roms/playstation-portable/,https://www.romsgames.net/
Gameboy Advance,https://www.romsgames.net/roms/gameboy-advance/,https://www.romsgames.net/
GameCube,https://www.romsgames.net/roms/gamecube/,https://www.romsgames.net/
Nintendo Wii,https://www.romsgames.net/roms/nintendo-wii/,https://www.romsgames.net/
Super Nintendo,https://www.romsgames.net/roms/super-nintendo/,https://www.romsgames.net/
Playstation 2,https://www.romsgames.net/roms/playstation-2/,https://www.romsgames.net/
Nintendo 64,https://www.romsgames.net/roms/nintendo-64/,https://www.romsgames.net/
Playstation,https://www.romsgames.net/roms/playstation/,https://www.romsgames.net/
Nintendo,https://www.romsgames.net/roms/nintendo/,https://www.romsgames.net/
SEGA Genesis,https://www.romsgames.net/roms/sega-genesis/,https://www.romsgames.net/
Gameboy Color,https://www.romsgames.net/roms/gameboy-color/,https://www.romsgames.net/
Dreamcast,https://www.romsgames.net/roms/dreamcast/,https://www.romsgames.net/
Gameboy,https://www.romsgames.net/roms/gameboy/,https://www.romsgames.net/
MAME 037b11,https://www.romsgames.net/roms/mame-037b11/,https://www.romsgames.net/
Sega Saturn,https://www.romsgames.net/roms/sega-saturn/,https://www.romsgames.net/
Atari 2600,https://www.romsgames.net/roms/atari-2600/,https://www.romsgames.net/
Microsoft Xbox,https://www.romsgames.net/roms/microsoft-xbox/,https://www.romsgames.net/
SNK Neo Geo,https://www.romsgames.net/roms/snk-neo-geo/,https://www.romsgames.net/
Amiga 500,https://www.romsgames.net/roms/amiga-500/,https://www.romsgames.net/
Sega Master System,https://www.romsgames.net/roms/sega-master-system/,https://www.romsgames.net/
ZX Spectrum,https://www.romsgames.net/roms/zx-spectrum/,https://www.romsgames.net/
Game Gear,https://www.romsgames.net/roms/game-gear/,https://www.romsgames.net/
Commodore 64,https://www.romsgames.net/roms/commodore-64/,https://www.romsgames.net/
TurboGrafx-16,https://www.romsgames.net/roms/turbografx-16/,https://www.romsgames.net/
Amstrad CPC,https://www.romsgames.net/roms/amstrad-cpc/,https://www.romsgames.net/
Capcom Play System,https://www.romsgames.net/roms/capcom-play-system/,https://www.romsgames.net/
Nokia N Gage,https://www.romsgames.net/roms/nokia-n-gage/,https://www.romsgames.net/
Atari 800,https://www.romsgames.net/roms/atari-800/,https://www.romsgames.net/
Sega 32X,https://www.romsgames.net/roms/sega-32x/,https://www.romsgames.net/
ColecoVision,https://www.romsgames.net/roms/colecovision/,https://www.romsgames.net/
Capcom Play System 2,https://www.romsgames.net/roms/capcom-play-system-2/,https://www.romsgames.net/
MSX Computer,https://www.romsgames.net/roms/msx-computer/,https://www.romsgames.net/
WonderSwan,https://www.romsgames.net/roms/wonderswan/,https://www.romsgames.net/
Atari 7800 ProSystem,https://www.romsgames.net/roms/atari-7800-prosystem/,https://www.romsgames.net/
Nintendo Pokemon Mini,https://www.romsgames.net/roms/nintendo-pokemon-mini/,https://www.romsgames.net/
Nintendo Famicom Disk System,https://www.romsgames.net/roms/nintendo-famicom-disk-system/,https://www.romsgames.net/
Atari Lynx,https://www.romsgames.net/roms/atari-lynx/,https://www.romsgames.net/
Neo Geo Pocket Color,https://www.romsgames.net/roms/neo-geo-pocket-color/,https://www.romsgames.net/
Atari Jaguar,https://www.romsgames.net/roms/atari-jaguar/,https://www.romsgames.net/
Apple II,https://www.romsgames.net/roms/apple-ii/,https://www.romsgames.net/
MSX-2,https://www.romsgames.net/roms/msx-2/,https://www.romsgames.net/
Intellivision,https://www.romsgames.net/roms/intellivision/,https://www.romsgames.net/
Nintendo Virtual Boy,https://www.romsgames.net/roms/nintendo-virtual-boy/,https://www.romsgames.net/
Atari 5200 SuperSystem,https://www.romsgames.net/roms/atari-5200-supersystem/,https://www.romsgames.net/
Atari ST,https://www.romsgames.net/roms/atari-st/,https://www.romsgames.net/
Commodore VIC20,https://www.romsgames.net/roms/commodore-vic20/,https://www.romsgames.net/
Sega Pico,https://www.romsgames.net/roms/sega-pico/,https://www.romsgames.net/
Capcom Play System 3,https://www.romsgames.net/roms/capcom-play-system-3/,https://www.romsgames.net/
BBC Micro,https://www.romsgames.net/roms/bbc-micro/,https://www.romsgames.net/
Sega SG1000,https://www.romsgames.net/roms/sega-sg1000/,https://www.romsgames.net/
Magnavox Odyssey 2,https://www.romsgames.net/roms/magnavox-odyssey-2/,https://www.romsgames.net/
Acorn Electron,https://www.romsgames.net/roms/acorn-electron/,https://www.romsgames.net/
Sharp X68000,https://www.romsgames.net/roms/sharp-x68000/,https://www.romsgames.net/
GCE Vectrex,https://www.romsgames.net/roms/gce-vectrex/,https://www.romsgames.net/
Acorn 8 bit,https://www.romsgames.net/roms/acorn-8-bit/,https://www.romsgames.net/
Apple II GS,https://www.romsgames.net/roms/apple-ii-gs/,https://www.romsgames.net/
Acorn Archimedes,https://www.romsgames.net/roms/acorn-archimedes/,https://www.romsgames.net/
Tangerine Oric,https://www.romsgames.net/roms/tangerine-oric/,https://www.romsgames.net/
Nintendo 3DS,https://www.romsgames.net/roms/nintendo-3ds/,https://www.romsgames.net/
Tiger Game Com,https://www.romsgames.net/roms/tiger-game-com/,https://www.romsgames.net/
VTech V Smile,https://www.romsgames.net/roms/vtech-v-smile/,https://www.romsgames.net/
Dragon Data Dragon,https://www.romsgames.net/roms/dragon-data-dragon/,https://www.romsgames.net/
Robotron Z1013,https://www.romsgames.net/roms/robotron-z1013/,https://www.romsgames.net/
ColecoVision ADAM,https://www.romsgames.net/roms/colecovision-adam/,https://www.romsgames.net/
Sinclair ZX81,https://www.romsgames.net/roms/sinclair-zx81/,https://www.romsgames.net/
Neo Geo Pocket,https://www.romsgames.net/roms/neo-geo-pocket/,https://www.romsgames.net/
Thomson MO5,https://www.romsgames.net/roms/thomson-mo5/,https://www.romsgames.net/
Fairchild Channel F,https://www.romsgames.net/roms/fairchild-channel-f/,https://www.romsgames.net/
Amstrad GX4000,https://www.romsgames.net/roms/amstrad-gx4000/,https://www.romsgames.net/
Miles Gordon Sam Coupe,https://www.romsgames.net/roms/miles-gordon-sam-coupe/,https://www.romsgames.net/
Watara Supervision,https://www.romsgames.net/roms/watara-supervision/,https://www.romsgames.net/
Sega Visual Memory System,https://www.romsgames.net/roms/sega-visual-memory-system/,https://www.romsgames.net/
SuFami Turbo,https://www.romsgames.net/roms/sufami-turbo/,https://www.romsgames.net/
Philips Videopac,https://www.romsgames.net/roms/philips-videopac/,https://www.romsgames.net/
Tandy Color Computer,https://www.romsgames.net/roms/tandy-color-computer/,https://www.romsgames.net/
Z-Machine Infocom,https://www.romsgames.net/roms/z-machine-infocom/,https://www.romsgames.net/
Super Grafx,https://www.romsgames.net/roms/super-grafx/,https://www.romsgames.net/
Epoch Super Cassette Vision,https://www.romsgames.net/roms/epoch-super-cassette-vision/,https://www.romsgames.net/
Bally Pro Arcade Astrocade,https://www.romsgames.net/roms/bally-pro-arcade-astrocade/,https://www.romsgames.net/
Sharp MZ 700,https://www.romsgames.net/roms/sharp-mz-700/,https://www.romsgames.net/
Emerson Arcadia 2001,https://www.romsgames.net/roms/emerson-arcadia-2001/,https://www.romsgames.net/
Commodore Plus4 C16,https://www.romsgames.net/roms/commodore-plus4-c16/,https://www.romsgames.net/
VTech CreatiVision,https://www.romsgames.net/roms/vtech-creativision/,https://www.romsgames.net/
GamePark GP32,https://www.romsgames.net/roms/gamepark-gp32/,https://www.romsgames.net/
Pel Varazdin Orao,https://www.romsgames.net/roms/pel-varazdin-orao/,https://www.romsgames.net/
Camputers Lynx,https://www.romsgames.net/roms/camputers-lynx/,https://www.romsgames.net/
Memotech MTX512,https://www.romsgames.net/roms/memotech-mtx512/,https://www.romsgames.net/
Elektronika BK,https://www.romsgames.net/roms/elektronika-bk/,https://www.romsgames.net/
Commodore Pet,https://www.romsgames.net/roms/commodore-pet/,https://www.romsgames.net/
Entex Adventure Vision,https://www.romsgames.net/roms/entex-adventure-vision/,https://www.romsgames.net/
Mattel Aquarius,https://www.romsgames.net/roms/mattel-aquarius/,https://www.romsgames.net/
Funtech Super Acan,https://www.romsgames.net/roms/funtech-super-acan/,https://www.romsgames.net/
Galaksija,https://www.romsgames.net/roms/galaksija/,https://www.romsgames.net/
Hartung Game Master,https://www.romsgames.net/roms/hartung-game-master/,https://www.romsgames.net/
Interact Family Computer,https://www.romsgames.net/roms/interact-family-computer/,https://www.romsgames.net/
Casio PV1000,https://www.romsgames.net/roms/casio-pv1000/,https://www.romsgames.net/
Apple 1,https://www.romsgames.net/roms/apple-1/,https://www.romsgames.net/
Casio Loopy,https://www.romsgames.net/roms/casio-loopy/,https://www.romsgames.net/
Sega Super Control Station,https://www.romsgames.net/roms/sega-super-control-station/,https://www.romsgames.net/
Wang VS,https://www.romsgames.net/roms/wang-vs/,https://www.romsgames.net/
Commodore Max Machine,https://www.romsgames.net/roms/commodore-max-machine/,https://www.romsgames.net/
Luxor ABC 800,https://www.romsgames.net/roms/luxor-abc-800/,https://www.romsgames.net/
RCA Studio II,https://www.romsgames.net/roms/rca-studio-ii/,https://www.romsgames.net/
Kaypro II,https://www.romsgames.net/roms/kaypro-ii/,https://www.romsgames.net/
